City_ID,City,Lat,Lng,Max Temp,Humidity,Cloudiness,Wind Speed,Country,Date
0,thompson,55.7435,-97.8558,9.76,78,21,0.99,CA,1691647656
1,vila velha,-20.3297,-40.2925,22.97,92,75,3.6,BR,1691647657
2,stanley,54.868,-1.6985,16.82,92,75,1.03,GB,1691647515
3,yemel'yanovo,56.1681,92.6767,24.49,50,40,2.0,RU,1691647658
4,port alfred,-33.5906,26.891,15.1,89,0,1.34,ZA,1691647658
5,hadibu,12.65,54.0333,27.13,73,99,11.18,YE,1691647659
6,touros,-5.1989,-35.4608,22.05,90,30,5.64,BR,1691647564
7,chonchi,-42.6128,-73.8092,8.95,93,99,3.62,CL,1691647660
8,dombarovskiy,50.7587,59.5386,24.95,43,56,9.21,RU,1691647660
9,khoyniki,51.8911,29.9552,18.04,57,82,2.45,BY,1691647661
10,behshahr,36.6923,53.5526,32.97,24,0,3.39,IR,1691647661
11,el calafate,-50.3408,-72.2768,1.3,87,66,1.28,AR,1691647651
12,port mathurin,-19.6833,63.4167,22.5,74,5,4.45,MU,1691647662
13,malabrigo,-29.3464,-59.9696,14.64,96,6,3.64,AR,1691647663
14,plouzane,48.3833,-4.6167,17.18,94,100,3.09,FR,1691647663
15,vorkuta,67.5,64.0,16.68,53,38,6.09,RU,1691647664
16,bilibino,68.0546,166.4372,15.37,45,98,2.6,RU,1691647664
17,edinburgh of the seven seas,-37.0676,-12.3116,10.2,64,78,8.91,SH,1691647665
18,broken hill,-31.95,141.4333,16.61,36,1,3.35,AU,1691647665
19,narvik,68.4384,17.4272,17.43,72,37,2.13,NO,1691647666
20,taoudenni,22.6783,-3.9836,34.78,29,32,1.95,ML,1691647666
21,adamstown,-25.066,-130.1015,19.84,51,92,8.92,PN,1691647667
22,kapa'a,22.0752,-159.319,27.18,80,75,8.75,US,1691647668
23,qingyuan,23.7,113.0333,32.99,60,99,1.72,CN,1691647668
24,blackmans bay,-43.0167,147.3167,13.18,61,61,4.53,AU,1691647669
25,la gi,10.6667,107.7833,30.55,71,66,5.87,VN,1691647669
26,grytviken,-54.2811,-36.5092,-5.56,90,94,1.53,GS,1691647670
27,afaahiti,-17.75,-149.2833,22.46,71,89,6.68,PF,1691647670
28,udachny,66.4167,112.4,20.25,59,91,7.19,RU,1691647670
29,tralee,52.2704,-9.7026,16.73,94,52,3.73,IE,1691647385
30,naze,28.3667,129.4833,27.58,78,65,4.87,JP,1691647671
31,anadyr,64.75,177.4833,14.28,67,40,4.0,RU,1691647672
32,castillos,-34.1667,-53.8333,15.26,90,100,4.58,UY,1691647672
33,swakopmund,-22.6833,14.5333,13.32,91,85,1.34,NA,1691647673
34,ust-nera,64.5667,143.2,22.33,37,5,1.03,RU,1691647673
35,bredasdorp,-34.5322,20.0403,10.71,79,0,2.3,ZA,1691647674
36,puri,19.8,85.85,33.29,62,77,4.18,IN,1691647674
37,patterson,37.4716,-121.1297,22.97,73,0,1.68,US,1691647505
38,port-aux-francais,-49.35,70.2167,4.3,86,92,11.49,TF,1691647675
39,okha,53.5739,142.9478,15.23,78,90,4.54,RU,1691647676
40,revda,56.801,59.9303,22.24,61,90,3.33,RU,1691647676
41,port elizabeth,-33.918,25.5701,13.16,94,0,4.63,ZA,1691647561
42,longyearbyen,78.2186,15.6401,11.91,54,0,6.69,SJ,1691647677
43,ratnagiri,16.9833,73.3,28.61,71,98,2.96,IN,1691647677
44,tura,25.5198,90.2201,29.2,77,94,3.13,IN,1691647678
45,san antonio de pale,-1.4014,5.6325,23.74,81,100,4.75,GQ,1691647678
46,carutapera,-1.195,-46.02,24.63,84,44,3.17,BR,1691647398
47,invercargill,-46.4,168.35,2.87,86,31,0.96,NZ,1691647679
48,hailar,49.2,119.7,24.86,52,59,1.99,CN,1691647680
49,tazovsky,67.4667,78.7,13.89,65,91,9.78,RU,1691647680
50,vadso,70.0744,29.7487,23.49,68,0,2.57,NO,1691647681
51,esquel,-42.9,-71.3167,5.12,88,98,2.66,AR,1691647681
52,east london,-33.0153,27.9116,16.43,74,2,7.05,ZA,1691647682
53,holualoa,19.6228,-155.9522,25.91,78,40,3.09,US,1691647672
54,hithadhoo,-0.6,73.0833,27.63,73,50,3.28,MV,1691647388
55,kone,-21.0595,164.8658,18.51,55,32,6.0,NC,1691647683
56,fortuna,40.5982,-124.1573,17.51,93,100,0.0,US,1691647684
57,iqaluit,63.7506,-68.5145,4.85,93,100,2.57,CA,1691647471
58,fale old settlement,-9.3852,-171.2468,28.31,78,95,6.58,TK,1691647685
59,lyozna,55.0249,30.7956,16.76,64,84,3.21,BY,1691647686
60,christchurch,-43.5333,172.6333,7.11,76,100,4.63,NZ,1691647575
61,whitehorse,60.7161,-135.0538,16.56,48,91,0.45,CA,1691647687
62,srandakan,-7.9386,110.2506,27.28,61,21,6.59,ID,1691647688
63,anakapalle,17.6833,83.0167,34.44,48,80,2.66,IN,1691647497
64,hermanus,-34.4187,19.2345,11.0,68,0,3.26,ZA,1691647689
65,mil'kovo,55.6078,37.7956,20.29,60,58,3.31,RU,1691647689
66,pacific grove,36.6177,-121.9166,15.45,92,100,2.68,US,1691647499
67,kudat,6.8837,116.8477,30.96,63,79,6.44,MY,1691647690
68,waitangi,-43.9535,-176.5597,8.79,68,4,3.17,NZ,1691647691
69,sinabang,2.4803,96.3801,25.8,85,100,1.99,ID,1691647691
70,semnan,35.5729,53.3971,30.32,14,0,2.07,IR,1691647692
71,puerto ayora,-0.7393,-90.3518,24.19,94,82,1.34,EC,1691647693
72,uliastay,47.7417,96.8444,21.59,45,80,2.9,MN,1691647693
73,petropavlovsk-kamchatsky,53.0452,158.6483,18.33,68,40,6.0,RU,1691647694
74,vilhena,-12.7406,-60.1458,21.81,44,3,1.27,BR,1691647694
75,georgetown,5.4112,100.3354,29.99,75,20,4.63,MY,1691647572
76,papatowai,-46.5619,169.4708,2.43,89,43,2.55,NZ,1691647696
77,mount pearl,47.5166,-52.7813,12.4,97,100,9.77,CA,1691647696
78,cavalaire-sur-mer,43.174,6.5272,21.01,78,19,0.45,FR,1691647697
79,hawaiian paradise park,19.5933,-154.9731,25.73,90,100,6.17,US,1691647697
80,tabas,33.5959,56.9244,35.07,15,0,2.18,IR,1691647698
81,mogocha,53.7333,119.7667,25.55,38,100,3.36,RU,1691647698
82,yulinshi,38.2906,109.7494,32.35,42,22,5.95,CN,1691647699
83,baykalovo,57.3981,63.7684,16.02,82,100,4.21,RU,1691647699
84,ancud,-41.8697,-73.8203,10.46,90,99,7.95,CL,1691647700
85,kudahuvadhoo,2.6708,72.8944,26.56,79,100,3.38,MV,1691647700
86,al jawf,29.5,38.75,31.01,23,0,2.49,SA,1691647701
87,saudarkrokur,65.7461,-19.6394,6.26,83,82,3.98,IS,1691647701
88,stephenville,32.2207,-98.2023,33.41,43,40,3.09,US,1691647643
89,brokopondo,4.75,-55.1667,24.77,88,36,3.61,SR,1691647702
90,pandan,14.0453,124.1694,31.62,63,91,2.35,PH,1691647703
91,yarim,14.298,44.3779,19.9,39,96,1.13,YE,1691647704
92,ribeira grande,38.5167,-28.7,20.99,87,25,2.24,PT,1691647704
93,piacabucu,-10.4056,-36.4344,22.56,85,36,3.83,BR,1691647705
94,ushuaia,-54.8,-68.3,3.09,95,97,2.77,AR,1691647706
95,saipan,15.1355,145.701,27.39,100,40,7.2,MP,1691647706
96,kodiak,57.79,-152.4072,11.73,94,100,0.0,US,1691647707
97,puerto natales,-51.7236,-72.4875,0.76,97,89,1.45,CL,1691647707
98,punta arenas,-53.15,-70.9167,4.48,91,94,4.47,CL,1691647642
99,keetmanshoop,-26.5833,18.1333,14.37,22,25,6.57,NA,1691647708
100,betio village,1.358,172.9211,30.02,71,30,2.54,KI,1691647709
101,iskateley,67.6803,53.1512,17.02,60,0,3.04,RU,1691647709
102,st. john's,47.5649,-52.7093,12.86,97,100,9.77,CA,1691647558
103,macapa,0.0389,-51.0664,27.99,89,40,4.12,BR,1691647509
104,west island,-12.1568,96.8225,27.99,69,75,6.69,CC,1691647711
105,aasiaat,68.7098,-52.8699,2.66,93,92,5.25,GL,1691647711
106,kalmunai,7.4167,81.8167,32.21,55,95,3.07,LK,1691647712
107,labytnangi,66.6572,66.4183,18.97,46,11,5.14,RU,1691647712
108,nambucca heads,-30.65,153.0,22.0,52,24,4.57,AU,1691647713
109,hasaki,35.7333,140.8333,32.95,74,34,4.54,JP,1691647713
110,utrik,11.2278,169.8474,28.38,72,57,5.5,MH,1691647714
111,atafu village,-8.5421,-172.5159,27.8,80,72,6.04,TK,1691647714
112,weno,7.4515,151.8468,28.58,72,82,2.67,FM,1691647715
113,turriff,57.5384,-2.4593,17.08,78,69,0.6,GB,1691647716
114,hobyo,5.3505,48.5268,27.33,66,42,9.76,SO,1691647578
115,ilulissat,69.2167,-51.1,4.01,93,100,3.09,GL,1691647717
116,yellowknife,62.456,-114.3525,18.09,59,56,3.58,CA,1691647717
117,phalodi,27.1333,72.3667,33.12,47,48,7.65,IN,1691647717
118,ingeniero guillermo n. juarez,-23.9,-61.85,17.22,68,4,3.19,AR,1691647718
119,bethel,41.3712,-73.414,21.38,84,0,2.06,US,1691647718
120,vorgashor,67.5833,63.95,16.41,54,39,5.83,RU,1691647720
121,kristinestad,62.2743,21.376,16.17,73,24,4.7,FI,1691647720
122,isafjordur,66.0755,-23.124,6.49,83,31,3.18,IS,1691647721
123,badger,64.8,-147.5333,17.95,82,75,2.06,US,1691647721
124,gebeit,21.0667,36.3167,35.85,14,2,2.36,SD,1691647721
125,lata,40.1629,-8.3327,17.18,95,41,1.19,PT,1691647722
126,hotan,37.0997,79.9269,34.59,17,5,3.86,CN,1691647722
127,kourou,5.1552,-52.6478,23.03,91,17,2.79,GF,1691647723
128,kriva palanka,42.2019,22.3319,16.47,79,100,1.18,MK,1691647723
129,tobol,52.6844,62.5794,23.81,53,53,6.34,KZ,1691647724
130,elizabeth city,36.2946,-76.2511,24.01,92,0,2.06,US,1691647724
131,lihue,21.9789,-159.3672,26.77,74,75,8.75,US,1691647725
132,andovoranto,-18.95,49.1,20.27,89,79,1.32,MG,1691647725
133,olonkinbyen,70.9221,-8.7187,6.45,100,100,4.63,SJ,1691647726
134,walbrzych,50.7714,16.2843,14.16,92,88,1.36,PL,1691647726
135,robbah,33.2797,6.9098,27.0,44,0,7.0,DZ,1691647727
136,ribadesella,43.4614,-5.0596,20.53,83,75,1.87,ES,1691647727
137,katsuren-haebaru,26.3369,127.8719,33.21,66,40,2.06,JP,1691647728
138,kavaratti,10.5669,72.642,27.8,77,93,8.01,IN,1691647728
139,rasht,37.2808,49.5832,30.9,74,0,0.0,IR,1691647681
140,coquimbo,-29.9533,-71.3436,12.85,100,40,2.06,CL,1691647729
141,margaret river,-33.95,115.0667,13.47,68,100,1.89,AU,1691647729
142,hilo,19.7297,-155.09,25.85,83,100,6.17,US,1691647539
143,talnakh,69.4865,88.3972,19.56,39,98,8.44,RU,1691647730
144,puerto colombia,10.9878,-74.9547,25.05,84,100,6.22,CO,1691647731
145,forestdale,33.5701,-86.8964,23.94,94,0,3.09,US,1691647731
146,tanumah,27.1,44.1333,38.37,6,0,5.46,SA,1691647732
147,albany,42.6001,-73.9662,18.23,88,47,1.34,US,1691647732
148,ouadda,8.0777,22.4007,20.69,96,100,0.5,CF,1691647733
149,kurmuk,10.55,34.2833,21.33,89,100,1.13,SD,1691647733
150,tiksi,71.6872,128.8694,21.01,38,18,2.32,RU,1691647734
151,mahina,-17.5065,-149.489,24.36,69,58,7.12,PF,1691647734
152,morant bay,17.8815,-76.4093,27.62,84,13,2.41,JM,1691647735
153,college,64.8569,-147.8028,17.99,82,75,2.06,US,1691647735
154,hammerfest,70.6634,23.6821,22.25,68,0,0.0,NO,1691647736
155,nova vicosa,-17.8919,-39.3719,21.39,76,10,2.52,BR,1691647720
156,sinan,34.8262,126.1086,25.45,82,58,9.94,KR,1691647737
157,thief river falls,48.1191,-96.1812,14.53,94,0,2.06,US,1691647738
158,salinopolis,-0.6136,-47.3561,25.88,82,40,4.94,BR,1691647738
159,broome,42.2506,-75.833,18.53,94,90,1.28,US,1691647739
160,gadzhiyevo,69.2551,33.3362,20.91,65,3,3.5,RU,1691647739
161,new norfolk,-42.7826,147.0587,13.84,69,66,2.61,AU,1691647740
162,egilsstadir,65.2653,-14.3948,6.18,85,29,0.76,IS,1691647740
163,mantua,45.1667,10.7833,21.3,85,24,0.45,IT,1691647741
164,al badari,26.9926,31.4155,30.34,38,0,5.46,EG,1691647741
165,port saint john's,-31.6229,29.5448,17.01,81,20,3.87,ZA,1691647742
166,fauske,67.2588,15.3918,16.64,63,100,1.92,NO,1691647743
167,qaqortoq,60.7167,-46.0333,6.24,80,14,0.85,GL,1691647743
168,al ghayzah,16.2079,52.176,28.05,77,92,3.5,YE,1691647744
169,kolonia,50.9333,6.95,16.08,77,0,1.03,DE,1691647745
170,yanam,16.7333,82.2167,35.9,43,86,3.25,IN,1691647745
171,arno,60.1167,18.6333,13.21,91,100,6.19,SE,1691647746
172,avarua,-21.2078,-159.775,24.03,73,100,7.72,CK,1691647746
173,dudinka,69.4058,86.1778,19.79,52,100,10.9,RU,1691647747
174,sarpol-e zahab,34.4611,45.8626,40.21,11,0,0.34,IR,1691647747
175,ixtapa,20.7,-105.2,25.13,86,51,1.75,MX,1691647748
176,hamilton,39.1834,-84.5333,21.39,94,100,0.89,US,1691647202
177,houghton,47.1219,-88.569,17.68,89,75,2.06,US,1691647749
178,chibuto,-24.6867,33.5306,19.58,62,90,2.47,MZ,1691647750
179,crane,31.3974,-102.3501,30.87,28,6,4.66,US,1691647750
180,undurkhaan,47.3194,110.6556,21.41,60,100,3.57,MN,1691647750
181,altinekin,38.3078,32.8686,26.31,57,0,2.14,TR,1691647751
182,costa rica,-23.4167,-54.65,18.92,70,0,2.24,BR,1691647752
183,nago,26.5881,127.9761,33.24,73,44,2.71,JP,1691647752
184,fortaleza,-3.7227,-38.5247,26.79,83,75,4.63,BR,1691647561
185,lincoln city,44.9582,-124.0179,17.76,93,80,0.89,US,1691647566
186,makanya,-4.3667,37.8333,21.09,67,63,2.91,TZ,1691647754
187,smithers,54.7804,-127.1743,10.22,92,66,1.98,CA,1691647755
188,evans,33.5337,-82.1307,26.13,87,93,0.89,US,1691647755
189,namibe,-15.1961,12.1522,15.73,89,21,3.87,AO,1691647756
190,yigo village,13.5361,144.8886,28.74,78,40,5.66,GU,1691647756
191,trinidad,-14.8333,-64.9,24.37,57,0,1.09,BO,1691647540
192,port douglas,-16.4833,145.4667,22.56,71,93,6.34,AU,1691647757
193,wailua homesteads,22.0669,-159.378,26.44,80,75,8.75,US,1691647758
194,novyy buh,47.6931,32.5216,22.01,50,17,6.58,UA,1691647758
195,freetown,8.484,-13.2299,23.81,96,100,3.7,SL,1691647759
196,nemuro,43.3236,145.575,20.44,95,100,7.67,JP,1691647759
197,burang,30.25,81.1667,14.72,70,100,3.13,CN,1691647760
198,harrislee,54.8,9.3833,14.28,93,89,4.63,DE,1691647760
199,ushtobe,45.2514,77.9838,36.49,16,5,4.89,KZ,1691647761
200,plenita,44.2167,23.1833,15.68,87,100,3.46,RO,1691647762
201,nelson bay,-32.7167,152.15,23.33,46,7,5.81,AU,1691647477
202,nyurba,63.2842,118.3319,27.87,36,53,4.54,RU,1691647763
203,rameswaram,9.2833,79.3,28.11,82,100,3.5,IN,1691647763
204,katsuura,35.1333,140.3,28.58,77,40,5.14,JP,1691647764
205,qarauyl,48.9451,79.255,27.78,34,68,3.17,KZ,1691647765
206,jinjing,24.575,118.5972,30.17,76,70,4.1,CN,1691647765
207,sanctuary point,-35.1114,150.629,18.51,50,49,5.86,AU,1691647766
208,bardai,11.65,7.2333,21.14,93,98,4.95,NG,1691647766
209,beyneu,45.3167,55.2,31.12,26,0,6.81,KZ,1691647767
210,haiku-pauwela,20.9219,-156.3051,25.02,72,40,5.14,US,1691647768
211,sitka,57.0531,-135.33,14.94,88,100,2.06,US,1691647768
212,gornopravdinsk,60.05,69.9,17.63,51,3,5.77,RU,1691647769
213,portland,45.5234,-122.6762,20.99,78,75,4.63,US,1691647439
214,island harbour,50.724,-1.2758,17.18,95,0,3.58,GB,1691647770
215,constantia,44.1833,28.65,23.38,61,95,7.49,RO,1691647729
216,pauini,-7.7136,-66.9764,22.08,95,36,1.0,BR,1691647771
217,belyy yar,53.6039,91.3903,25.94,44,0,3.0,RU,1691647771
218,talara,-4.5772,-81.2719,21.05,86,17,5.26,PE,1691647473
219,rabigh,22.7986,39.0349,34.47,54,0,2.11,SA,1691647772
220,enewetak,11.3474,162.3373,28.78,76,89,6.79,MH,1691647773
221,akureyri,65.6835,-18.0878,6.74,83,99,1.27,IS,1691647774
222,zaozersk,69.4005,32.4476,22.23,60,2,2.21,RU,1691647774
223,lebu,-37.6167,-73.65,11.36,89,59,5.66,CL,1691647775
224,abilene,32.4487,-99.7331,29.32,51,0,2.06,US,1691647710
225,clinton,42.587,-82.9199,23.29,75,0,2.06,US,1691647776
226,gimbi,9.1667,35.8333,14.98,91,91,0.67,ET,1691647776
227,parral,26.9333,-105.6667,23.2,45,18,5.52,MX,1691647777
228,cambria,35.5641,-121.0808,18.41,95,36,0.45,US,1691647777
229,tippi,7.2,35.45,21.42,79,78,0.42,ET,1691647778
230,la'ie,21.6477,-157.9253,26.98,71,6,8.35,US,1691647778
231,eyl,7.9803,49.8164,29.48,49,42,12.31,SO,1691647779
232,jaunpiebalga,57.1833,26.05,12.69,91,96,2.54,LV,1691647779
233,rio branco,-9.9747,-67.81,23.34,100,0,0.0,BR,1691647779
234,callao,-12.0667,-77.15,21.16,73,100,2.57,PE,1691647780
235,kalengwa,-13.4659,25.0027,16.25,36,0,4.92,ZM,1691647780
236,geraldton,-28.7667,114.6,17.23,77,100,5.14,AU,1691647781
237,klyuchi,52.2667,79.1667,30.2,28,93,4.71,RU,1691647781
238,banda aceh,5.5577,95.3222,30.66,65,82,7.25,ID,1691647782
239,vilyuchinsk,52.9306,158.4028,19.15,65,11,0.89,RU,1691647782
240,nogliki,51.8333,143.1667,13.64,84,100,4.49,RU,1691647783
241,howard springs,-12.497,131.047,32.95,21,81,1.8,AU,1691647783
242,bandarbeyla,9.4942,50.8122,28.77,54,82,12.47,SO,1691647784
243,narasannapeta,18.4167,84.05,33.6,52,67,2.69,IN,1691647667
244,vanino,49.0869,140.2543,15.49,85,100,1.86,RU,1691647785
245,xiuyan,40.2928,123.2744,27.64,63,92,6.43,CN,1691647785
246,kupwara,34.0306,74.2642,15.2,57,9,1.48,IN,1691647786
247,kiama,-34.6833,150.8667,19.65,41,39,6.71,AU,1691647786
248,ponta pora,-22.5361,-55.7256,19.73,65,5,2.47,BR,1691647787
249,mount isa,-20.7333,139.5,27.87,26,6,4.12,AU,1691647787
250,polyarnyy,69.1989,33.4478,20.68,66,3,3.74,RU,1691647788
251,grand falls-windsor,48.9332,-55.6649,11.95,91,100,1.34,CA,1691647788
252,robertsport,6.7533,-11.3686,24.73,88,100,7.48,LR,1691647789
253,palu,-0.8917,119.8707,28.86,84,87,1.63,ID,1691647789
254,jamestown,42.097,-79.2353,21.77,92,20,2.57,US,1691647790
255,strezhevoy,60.7333,77.5889,11.35,96,100,4.58,RU,1691647619
256,chalinze,-6.6378,38.354,24.81,60,5,2.07,TZ,1691647791
257,ulsteinvik,62.3432,5.8487,11.61,94,100,4.02,NO,1691647791
258,malango,-2.9627,119.9001,24.54,77,84,1.87,ID,1691647792
259,laojunmiao,39.8333,97.7333,19.32,66,100,2.7,CN,1691647792
260,san clemente del tuyu,-36.3569,-56.7235,12.77,95,100,6.72,AR,1691647793
261,pathein,16.7833,94.7333,30.74,66,98,5.27,MM,1691647793
262,teontepec,18.5,-97.5167,17.71,89,94,1.11,MX,1691647794
263,al hasakah,36.5024,40.7477,38.75,18,0,5.72,SY,1691647794
264,camamu,-13.9447,-39.1039,19.99,89,58,2.23,BR,1691647795
265,queenstown,-31.8976,26.8753,11.2,58,12,2.0,ZA,1691647272
266,puerto ayacucho,5.6639,-67.6236,23.18,96,97,1.03,VE,1691647796
267,altay,47.8667,88.1167,24.38,47,9,2.94,CN,1691647796
268,happy valley-goose bay,53.3168,-60.3315,12.85,84,100,1.3,CA,1691647797
269,port lincoln,-34.7333,135.8667,13.82,61,53,3.78,AU,1691647797
270,quellon,-43.1167,-73.6167,9.14,100,100,3.09,CL,1691647798
271,homer,59.6425,-151.5483,13.21,89,100,1.54,US,1691647657
272,ouarzazat,30.9189,-6.8934,28.59,25,88,1.53,MA,1691647799
273,torrington,41.8007,-73.1212,20.1,93,22,1.52,US,1691647800
274,zaghouan,36.4029,10.1429,18.92,42,0,1.55,TN,1691647800
275,inhambane,-23.865,35.3833,20.92,66,34,5.34,MZ,1691647801
276,lugus,5.7036,120.8203,28.78,71,100,3.57,PH,1691647801
277,gladstone,-23.85,151.25,22.1,49,33,6.17,AU,1691647802
278,khandyga,62.6667,135.6,25.71,31,48,1.27,RU,1691647803
279,berkane,34.9084,-2.3461,25.82,63,1,0.76,MA,1691647803
280,pisco,-13.7,-76.2167,18.03,82,100,1.54,PE,1691647804
281,taourirt,34.4073,-2.8973,28.88,44,53,0.49,MA,1691647808
282,mahriz,31.5917,54.4318,30.28,16,0,4.35,IR,1691647811
283,bereznik,62.8551,42.7072,23.21,66,3,2.45,RU,1691647815
284,loen,7.7601,168.2307,28.41,74,89,3.2,MH,1691647816
285,pamplona,42.8169,-1.6432,19.95,77,20,6.17,ES,1691647254
286,ipira,-12.1583,-39.7372,16.96,95,3,2.1,BR,1691647817
287,carnarvon,-24.8667,113.6333,24.37,52,1,4.86,AU,1691647817
288,bamboo flat,11.7,92.7167,29.41,74,100,6.55,IN,1691647818
289,nova sintra,14.8667,-24.7167,22.74,73,55,4.43,CV,1691647818
290,codrington,-38.2667,141.9667,11.86,75,99,4.95,AU,1691647819
291,vernon,50.2581,-119.2691,14.98,69,19,1.94,CA,1691647819
292,lashio,22.9333,97.75,24.06,94,99,1.39,MM,1691647820
293,sandpoint,48.2766,-116.5533,18.73,81,100,6.69,US,1691647820
294,paracuru,-3.41,-39.0306,26.73,86,16,4.31,BR,1691647602
295,laguna,38.421,-121.4238,24.14,63,0,3.09,US,1691647821
296,tondano,1.3038,124.9112,28.05,76,75,2.48,ID,1691647822
297,maridi,4.9158,29.4742,21.65,92,95,0.38,SS,1691647822
298,sandnessjoen,66.0217,12.6316,14.29,72,20,1.03,NO,1691647823
299,uturoa,-16.7333,-151.4333,25.17,67,74,7.37,PF,1691647823
300,haimen,23.1935,116.6142,32.33,65,53,4.89,CN,1691647824
301,guymon,36.6828,-101.4816,19.0,72,0,2.06,US,1691647824
302,papao,-17.75,-149.55,23.17,72,58,7.67,PF,1691647825
303,uacu cungo,-11.3634,15.1208,16.92,55,4,1.31,AO,1691647826
304,pichucalco,17.5167,-93.0667,24.52,93,10,1.31,MX,1691647826
305,siddipet,18.1,78.85,29.01,65,66,5.12,IN,1691647697
306,kerikeri,-35.2268,173.9474,11.06,82,25,0.45,NZ,1691647768
307,port augusta,-32.5,137.7667,15.42,51,0,6.0,AU,1691647828
308,mount darwin,-16.7725,31.5838,14.56,59,0,2.7,ZW,1691647828
309,susuman,62.7833,148.1667,17.34,40,3,0.83,RU,1691647829
310,kailua-kona,19.6406,-155.9956,27.98,77,40,3.09,US,1691647830
311,sola,-13.8833,167.55,22.92,82,100,9.81,VU,1691647830
312,greenville,35.6127,-77.3663,23.01,91,0,0.0,US,1691647831
313,saint-pierre,-21.3393,55.4781,23.65,64,100,1.54,RE,1691647831
314,berdigestyakh,62.0989,126.6992,24.73,45,46,4.95,RU,1691647832
315,douentza,14.9951,-2.9517,27.12,67,79,2.91,ML,1691647833
316,fasa,28.9383,53.6482,33.81,15,50,3.54,IR,1691647833
317,jingmen,31.0336,112.2047,34.61,48,8,2.94,CN,1691647834
318,katra,32.9833,74.95,26.98,85,18,2.83,IN,1691647836
319,siraha,26.6541,86.2087,31.14,71,93,2.92,NP,1691647836
320,praia da vitoria,38.7333,-27.0667,21.53,96,91,2.15,PT,1691647837
321,ghadamis,30.1337,9.5007,27.89,24,0,3.81,LY,1691647837
322,santa elena de uairen,4.6167,-61.1333,19.15,88,81,1.43,VE,1691647838
323,port hedland,-20.3167,118.5667,32.03,15,2,4.12,AU,1691647745
324,kargasok,59.0556,80.8572,12.34,87,100,4.99,RU,1691647839
325,letychiv,49.3826,27.6305,19.32,51,100,3.06,UA,1691647840
326,yantarnyy,54.8717,19.9381,15.42,73,98,8.42,RU,1691647840
327,vetapalem,15.7833,80.3167,33.81,50,74,1.32,IN,1691647841
328,kittila,67.6647,24.8936,17.56,88,40,2.06,FI,1691647841
329,la passe,45.5549,-0.8967,19.43,70,32,1.77,FR,1691647842
330,yaren,-0.5472,166.916,28.39,71,44,1.99,NR,1691647842
331,keflavik,64.0049,-22.5624,11.95,71,75,5.14,IS,1691647843
332,mombetsu,44.3525,143.3525,18.66,97,100,1.48,JP,1691647843
333,canto do buriti,-8.11,-42.9444,22.32,60,2,3.67,BR,1691647844
334,port-gentil,-0.7193,8.7815,23.98,88,100,2.57,GA,1691647844
335,deming,32.2687,-107.7586,23.94,57,20,0.0,US,1691647845
336,kadinhani,38.2397,32.2114,25.35,62,0,2.31,TR,1691647845
337,mazagao,-0.115,-51.2894,28.03,97,56,1.78,BR,1691647846
338,maryborough,-25.5333,152.7,21.77,41,3,3.29,AU,1691647432
339,dolores,-36.3132,-57.6792,12.39,95,89,3.93,AR,1691647779
340,malmberget,67.1753,20.6549,10.31,87,0,2.06,SE,1691647848
341,rumoi,43.9344,141.6428,28.31,77,92,1.48,JP,1691647848
342,nouadhibou,20.931,-17.0347,20.99,94,40,8.23,MR,1691647848
343,whangarei,-35.7317,174.3239,9.53,86,47,2.43,NZ,1691647849
344,sur,22.5667,59.5289,33.64,50,77,4.05,OM,1691647849
345,shahrak,34.1074,64.3052,22.76,24,0,2.84,AF,1691647850
346,piti village,13.4626,144.6933,29.61,81,20,5.14,GU,1691647850
347,slave lake,55.2834,-114.769,13.99,99,100,2.06,CA,1691647851
348,jiangyou,31.7667,104.7167,31.86,68,41,2.32,CN,1691647851
349,cabo san lucas,22.8909,-109.9124,28.67,78,27,5.25,MX,1691647469
350,spring creek,40.7266,-115.5859,22.94,21,69,2.44,US,1691647852
351,vila franca do campo,37.7167,-25.4333,23.23,94,100,5.3,PT,1691647853
352,zelenogorskiy,55.0333,87.0,20.98,62,86,3.09,RU,1691647853
353,nuuk,64.1835,-51.7216,4.34,100,75,4.02,GL,1691647854
354,carmo do paranaiba,-19.0008,-46.3161,13.75,78,0,1.75,BR,1691647617
355,kuqa,41.7278,82.9364,33.94,14,0,1.35,CN,1691647855
356,kingston,17.997,-76.7936,27.36,91,20,1.14,JM,1691647762
357,howrah,22.5892,88.3103,30.0,79,75,3.09,IN,1691647856
358,lafiagi,8.8667,5.4167,22.81,94,97,1.78,NG,1691647857
359,hede,33.7681,120.2517,30.74,64,0,3.77,CN,1691647857
360,bathsheba,13.2167,-59.5167,28.24,78,100,5.23,BB,1691647858
361,tanout,14.9709,8.8879,26.87,64,100,5.79,NE,1691647858
362,ostashkov,57.1467,33.1075,18.27,53,0,1.55,RU,1691647859
363,trincomalee,8.5711,81.2335,32.3,57,94,2.02,LK,1691647859
364,labrador city,52.9463,-66.9114,10.95,100,100,1.54,CA,1691647860
365,mbamba bay,-11.2833,34.7667,22.36,51,50,2.65,TZ,1691647860
366,illizi,26.4833,8.4667,28.58,16,0,2.92,DZ,1691647860
367,farsan,32.2569,50.561,25.66,26,0,2.74,IR,1691647861
368,keminmaa,65.8596,24.8228,14.87,94,97,3.09,FI,1691647862
369,muynoq,43.7683,59.0214,31.84,26,2,7.3,UZ,1691647862
370,novyy urengoy,66.0833,76.6333,10.25,78,100,9.58,RU,1691647863
371,alta,69.9689,23.2717,18.59,79,75,1.03,NO,1691647863
372,gorontalo,0.5412,123.0595,30.53,62,79,4.19,ID,1691647864
373,sungai penuh,-2.0833,101.3833,25.31,67,56,1.03,ID,1691647864
374,luena,-11.7833,19.9167,14.45,41,8,2.03,AO,1691647865
375,meadow lake,34.8014,-106.5436,23.31,46,98,3.12,US,1691647865
376,viedma,-40.8135,-62.9967,12.6,49,100,6.29,AR,1691647866
377,al hufuf,25.3646,49.5653,39.96,17,0,1.05,SA,1691647866
378,tofol,5.3248,163.0078,28.37,76,66,2.67,FM,1691647867
379,anna regina,7.2644,-58.5077,27.4,77,66,4.02,GY,1691647867
380,qui nhon,13.7667,109.2333,34.83,54,20,3.34,VN,1691647859
381,guerrero negro,27.9769,-114.0611,21.29,86,4,6.05,MX,1691647868
382,ta`u,-14.2336,-169.5144,27.63,75,33,6.48,AS,1691647869
383,collie,-33.3667,116.15,9.21,96,100,0.17,AU,1691647869
384,tolanaro,-25.0319,46.9987,20.74,81,54,4.32,MG,1691647870
385,salym,60.0625,71.4789,17.51,49,8,5.73,RU,1691647870
386,puerto penasco,31.3167,-113.5333,31.62,74,14,5.36,MX,1691647871
387,glens falls north,43.3351,-73.6825,17.99,89,0,0.0,US,1691647871
388,nadym,65.5333,72.5167,12.69,62,83,12.36,RU,1691647872
389,remire-montjoly,4.9167,-52.2667,23.02,100,0,0.0,GF,1691647872
390,formosa do rio preto,-11.0483,-45.1931,19.21,54,0,1.72,BR,1691647873
391,ad dawadimi,24.5077,44.3924,34.89,7,21,2.53,SA,1691647873
392,arraial do cabo,-22.9661,-42.0278,20.77,85,28,10.02,BR,1691647615
393,nioki,-2.7167,17.6833,24.73,67,85,1.82,CD,1691647874
394,mount gambier,-37.8333,140.7667,11.59,72,98,2.91,AU,1691647849
395,nizhnesortymskiy,62.4397,71.7603,10.22,81,44,8.82,RU,1691647876
396,hovd,48.0056,91.6419,21.84,45,7,4.12,MN,1691647876
397,wenchang,30.904,118.4887,33.58,53,43,2.49,CN,1691647877
398,llallagua,-18.4167,-66.6333,4.12,29,0,2.86,BO,1691647877
399,al bardiyah,31.7561,25.0865,26.68,63,0,3.05,LY,1691647878
400,nebaj,15.4058,-91.1461,19.32,96,39,1.07,GT,1691647878
401,aykhal,66.0,111.5,24.14,50,54,6.32,RU,1691647879
402,ebaye,8.7748,167.7392,30.01,66,100,3.09,MH,1691647880
403,chippewa falls,44.9369,-91.3929,19.1,96,40,0.0,US,1691647728
404,antsiranana,-12.2787,49.2917,26.67,50,1,3.97,MG,1691647881
405,togur,58.3631,82.8265,13.55,90,100,4.79,RU,1691647881
406,dalai,45.5,124.3,23.66,66,82,2.6,CN,1691647882
407,rio rancho,35.2334,-106.6645,23.87,47,98,3.13,US,1691647882
408,kunda,25.7167,81.5167,31.98,61,100,3.9,IN,1691647883
409,ulladulla,-35.35,150.4667,15.46,53,66,5.05,AU,1691647757
410,qusmuryn,52.4503,64.6311,25.17,43,55,7.72,KZ,1691647884
411,zavidovo,56.5333,36.5333,19.3,57,3,2.21,RU,1691647885
412,heerenveen,52.95,5.9333,16.64,91,11,0.85,NL,1691647296
413,goundam,16.4145,-3.6708,31.13,45,98,5.17,ML,1691647886
414,galliano,29.4422,-90.2992,29.0,74,40,3.09,US,1691647887
415,calderitas,18.55,-88.25,27.6,85,14,3.03,MX,1691647887
416,villa gesell,-37.2639,-56.973,13.36,94,99,6.2,AR,1691647888
417,mersing,2.4312,103.8405,30.74,62,72,2.24,MY,1691647889
418,bojia,26.4672,111.9681,33.34,62,23,1.83,CN,1691647889
419,itoman,26.1247,127.6694,33.21,84,75,2.57,JP,1691647890
420,serhiyivka,46.0272,30.3768,21.98,58,71,6.78,UA,1691647890
421,garoua boulai,5.8833,14.55,17.75,98,100,1.46,CM,1691647890
422,saint-denis,48.9167,2.3333,17.88,84,0,2.57,FR,1691647804
423,kangaba,11.9333,-8.4167,22.37,97,100,3.48,ML,1691647891
424,coahuayana de hidalgo,18.7,-103.6583,25.19,74,82,2.0,MX,1691647892
425,ivdel',60.6911,60.4206,15.39,68,100,2.86,RU,1691647892
426,prince george,53.9166,-122.753,16.25,63,100,4.12,CA,1691647893
427,yuzhno-kurilsk,44.0306,145.8556,21.95,90,100,6.45,RU,1691647893
428,hafar al-batin,28.4328,45.9708,41.0,7,0,7.76,SA,1691647894
429,penzance,50.1186,-5.5371,17.38,94,32,4.43,GB,1691647894
430,policoro,40.2115,16.6726,24.39,40,18,2.87,IT,1691647895
431,fort mcmurray,56.7268,-111.381,13.77,100,100,4.63,CA,1691647895
432,asau,46.4333,26.4,17.38,59,100,0.77,RO,1691647896
433,dryden,49.7833,-92.7503,12.16,87,100,2.57,CA,1691647897
434,eydhafushi,5.1033,73.0708,27.74,79,100,5.96,MV,1691647807
435,belize city,17.4995,-88.1976,28.84,80,7,5.64,BZ,1691647898
436,mandalgovi,45.7625,106.2708,27.34,32,6,1.17,MN,1691647898
437,farafangana,-22.8167,47.8333,21.29,83,31,1.98,MG,1691647898
438,villa juarez,24.6536,-107.5411,27.47,78,81,2.12,MX,1691647899
439,road town,18.4167,-64.6167,29.05,80,61,9.71,VG,1691647899
440,chake chake,-5.2459,39.7666,25.44,72,49,4.92,TZ,1691647900
441,argungu,12.7433,4.5269,23.85,87,59,3.83,NG,1691647900
442,sarlat-la-caneda,44.889,1.2166,17.07,80,70,1.13,FR,1691647901
443,bada,51.392,109.8717,18.42,95,100,1.71,RU,1691647901
444,hollins,37.3413,-79.9431,23.21,87,40,1.54,US,1691647902
445,dapa,9.7594,126.0531,30.22,72,97,5.19,PH,1691647902
446,madison,34.7334,-86.5667,22.66,96,75,4.02,US,1691647776
447,mammoth lakes,37.6485,-118.9721,11.4,35,0,0.0,US,1691647903
448,duki,30.1541,68.5728,33.75,27,8,1.26,PK,1691647904
449,atherton,53.5237,-2.4935,18.59,93,92,1.67,GB,1691647690
450,mutum,-19.8,-41.4383,19.68,84,86,0.69,BR,1691647905
451,acarau,-2.8856,-40.12,24.26,87,29,5.28,BR,1691647721
452,el bauga,18.262,33.9081,35.02,32,43,6.17,SD,1691647906
453,mananara,-16.1667,49.7667,22.86,75,43,2.89,MG,1691647906
454,pamanukan,-6.2842,107.8106,31.0,53,33,5.51,ID,1691647907
455,tsiombe,-25.3,45.4833,20.59,67,51,5.68,MG,1691647907
456,korla,41.7597,86.1469,34.8,17,0,5.08,CN,1691647908
457,alexandria,31.2156,29.9553,27.5,61,0,5.22,EG,1691647908
458,kamphaeng phet,16.25,99.5,30.78,62,99,1.43,TH,1691647909
459,san patricio,28.017,-97.5169,29.36,81,1,6.8,US,1691647909
460,hami,42.8,93.45,35.57,17,6,2.35,CN,1691647910
461,topeka,39.0483,-95.678,22.28,93,0,0.0,US,1691647910
462,yingkou,40.6648,122.2283,29.24,48,24,9.38,CN,1691647911
463,paragominas,-2.9667,-47.4833,20.87,99,38,1.07,BR,1691647911
464,karratha,-20.7377,116.8463,28.01,27,27,4.83,AU,1691647912
465,levuka,50.1834,-105.4011,11.9,70,69,5.97,CA,1691647912
466,soledade,-28.8183,-52.5103,13.98,99,98,1.73,BR,1691647913
467,zeribet el oued,34.6828,6.5111,28.2,46,0,1.67,DZ,1691647913
468,kiunga,-6.1219,141.2906,27.87,64,90,1.88,PG,1691647914
469,lompoc,34.6391,-120.4579,17.66,87,100,1.54,US,1691647868
470,urengoy,65.9667,78.3667,14.17,71,99,9.81,RU,1691647915
471,sumbawa besar,-8.5,117.4333,32.14,40,6,5.09,ID,1691647915
472,tadine,-21.55,167.8833,18.74,59,13,9.58,NC,1691647916
473,okhotsk,59.3833,143.3,16.8,68,10,4.0,RU,1691647916
474,revelstoke,50.9832,-118.2023,15.4,92,57,1.02,CA,1691647709
475,taguatinga,-12.3857,-46.5711,25.26,39,52,3.95,BR,1691647917
476,kamloops,50.6665,-120.3192,17.55,73,40,4.12,CA,1691647918
477,newman,37.3138,-121.0208,23.13,73,0,0.89,US,1691647918
478,aguazul,5.1728,-72.5471,22.43,84,67,2.04,CO,1691647919
479,tucurui,-3.7661,-49.6725,22.17,96,26,1.85,BR,1691647919
480,berezovyy,51.6667,135.7,22.2,51,92,1.82,RU,1691647920
481,praya,14.9215,-23.5087,25.3,73,20,5.14,CV,1691647920
482,tarawa,1.419,172.984,30.05,74,20,2.06,KI,1691647920
483,mtwara,-10.2667,40.1833,23.91,67,1,6.17,TZ,1691647921
484,kosh-agach,50.0,88.6667,19.57,38,8,0.16,RU,1691647921
485,plettenberg bay,-34.0527,23.3716,16.32,56,28,1.85,ZA,1691647922
486,tshabong,-26.05,22.45,11.24,48,0,8.41,BW,1691647923
487,torbat-e heydariyeh,35.274,59.2195,28.4,19,0,10.11,IR,1691647923
488,brezina,33.0989,1.2608,28.35,25,0,2.44,DZ,1691647924
489,aldan,58.6031,125.3894,26.57,40,8,6.2,RU,1691647924
490,champerico,14.3,-91.9167,27.45,81,92,1.69,GT,1691647925
491,naranjito,-2.2167,-79.4833,23.82,86,91,0.89,EC,1691647925
492,riachao das neves,-11.7461,-44.91,20.03,50,10,1.2,BR,1691647926
493,kununurra,-15.7667,128.7333,31.99,22,56,4.63,AU,1691647909
494,demyansk,57.643,32.466,18.34,56,0,1.39,RU,1691647927
495,sinop,41.7711,34.8709,20.24,68,32,1.58,TR,1691647928
496,itamaraca,-7.7478,-34.8256,23.03,80,8,4.8,BR,1691647928
497,al kharijah,25.4514,30.5464,32.17,22,0,6.55,EG,1691647929
498,gokwe,-18.2048,28.9349,12.53,67,0,5.58,ZW,1691647929
499,horta,38.5333,-28.6333,20.57,86,20,2.68,PT,1691647930
500,butte,39.6499,-121.5677,26.12,44,0,0.0,US,1691647930
501,san juan de miraflores,-12.1629,-76.9635,20.29,82,54,3.86,PE,1691647931
502,santa ana de yacuma,-13.75,-65.4333,26.01,50,0,0.69,BO,1691647931
503,hastings,50.8552,0.5729,17.38,51,0,3.72,GB,1691647932
504,saint-francois,46.4154,3.9054,16.69,82,0,2.57,FR,1691647894
505,seeb,23.6703,58.1891,33.05,79,0,5.14,OM,1691647933
506,quelimane,-17.8786,36.8883,19.97,94,75,0.0,MZ,1691647933
507,fort bragg,35.139,-79.006,26.01,77,40,3.09,US,1691647934
508,aktobe,50.2797,57.2072,26.05,41,0,6.0,KZ,1691647934
509,brooks,50.5834,-111.8851,17.99,71,79,4.12,CA,1691647935
510,filadelfia,39.9523,-75.1638,23.36,84,0,0.0,US,1691647818
511,tabarka,36.9544,8.758,19.36,82,0,1.54,TN,1691647937
512,pachora,20.6667,75.35,30.77,57,70,5.33,IN,1691647698
513,bowen,-20.0167,148.2333,21.89,61,44,6.37,AU,1691647938
514,jasrasar,28.298,74.8093,33.57,47,41,4.72,IN,1691647938
515,namtsy,62.7161,129.6658,24.16,31,100,4.23,RU,1691647939
516,shenjiamen,29.9576,122.298,28.91,77,5,4.25,CN,1691647939
517,ballina,-28.8667,153.5667,23.21,59,2,7.06,AU,1691647940
518,nasarawa,8.5294,7.7242,22.49,97,72,1.8,NG,1691647940
519,bonthe,7.5264,-12.505,24.39,92,100,5.11,SL,1691647803
520,kennett,36.2362,-90.0556,22.08,100,0,9.26,US,1691647941
521,pangai,-19.8,-174.35,23.53,85,100,3.22,TO,1691647942
522,ndelele,4.0333,14.9333,20.25,99,100,0.75,CM,1691647942
523,pestovo,58.5938,35.8024,18.11,71,9,2.76,RU,1691647943
524,aripuana,-9.1667,-60.6333,25.52,55,79,0.72,BR,1691647944
525,kharp,66.8014,65.8081,18.46,48,11,3.67,RU,1691647944
526,hauterive,46.0901,3.4459,17.42,70,50,0.47,FR,1691647945
527,fisterra,42.9049,-9.2629,20.97,93,37,6.77,ES,1691647945
528,francistown,-21.17,27.5079,12.33,71,0,7.47,BW,1691647945
529,awjilah,29.1081,21.2869,26.04,54,0,4.99,LY,1691647946
530,leava,-14.3,-178.1667,27.52,76,57,4.22,WF,1691647947
531,kapuskasing,49.4169,-82.4331,15.05,94,75,3.09,CA,1691647947
532,kalamb,19.05,73.95,26.8,68,88,6.03,IN,1691647947
533,mbeya,-8.9,33.45,15.48,67,39,2.34,TZ,1691647949
534,suomussalmi,64.8869,28.9078,15.21,93,91,4.49,FI,1691647949
535,jinxiang,27.4327,120.6062,30.45,74,88,3.46,CN,1691647950
536,weston,26.1004,-80.3998,29.45,76,0,1.34,US,1691647950
537,gaomi,36.3833,119.7528,31.9,45,0,7.5,CN,1691647951
538,agadir,30.4202,-9.5982,22.25,46,14,1.37,MA,1691647778
539,aromashevo,56.8602,68.6375,18.35,63,96,3.73,RU,1691647952
540,bahia honda,22.9036,-83.1592,27.39,85,2,3.23,CU,1691647953
541,tvardita,46.1547,28.9656,21.43,47,100,4.56,MD,1691647953
542,kondopoga,62.2057,34.2614,18.72,93,97,2.21,RU,1691647954
543,nguigmi,14.2495,13.1092,26.45,70,100,4.19,NE,1691647954
544,tyukhtet,56.5389,89.3011,24.18,41,37,4.62,RU,1691647955
545,alatri,41.7306,13.3402,22.52,55,7,0.7,IT,1691647955
546,soanierana ivongo,-16.9167,49.5833,21.06,89,81,2.94,MG,1691647956
547,puerto baquerizo moreno,-0.9,-89.6,23.64,82,72,3.99,EC,1691647956
548,bachajon,17.0385,-92.1891,19.53,96,25,1.03,MX,1691647957
549,arkalyk,50.2486,66.9114,21.02,60,61,6.92,KZ,1691647957
550,kirakira,-10.4544,161.9205,25.29,86,100,5.23,SB,1691647958
551,general conesa,-40.1,-64.4333,12.21,52,100,5.07,AR,1691647958
552,rongelap,11.1635,166.8941,28.62,74,30,4.39,MH,1691647959
553,santa maria,-29.6842,-53.8069,14.41,98,85,0.82,BR,1691647960
554,jwaneng,-24.6004,24.7303,9.82,67,0,7.17,BW,1691647960
555,antofagasta,-23.65,-70.4,16.6,83,66,4.31,CL,1691647564
556,kristiansund,63.1115,7.732,10.36,93,75,2.06,NO,1691647962
557,kayangel,8.0823,134.7173,28.2,78,47,7.9,PW,1691647962
558,ismailia,30.6043,32.2723,26.48,63,0,1.51,EG,1691647956
559,mazatlan,23.2167,-106.4167,29.45,89,75,1.34,MX,1691647818
560,metlili chaamba,32.2667,3.6333,30.52,22,0,5.66,DZ,1691647964
561,mukalla,14.5425,49.1242,32.35,55,79,1.25,YE,1691647941
562,hayrabolu,41.2131,27.1069,22.3,61,62,4.5,TR,1691647965
563,noosa heads,-26.3833,153.15,21.17,56,12,4.75,AU,1691647965
564,duku,11.2361,4.9073,22.02,98,99,2.05,NG,1691647966
